,relation,path,count,count-in-train
0,org:alternate_names,<C >E,71,194
1,org:alternate_names,<E >C,52,176
2,org:alternate_names,<C <A >A,9,6
3,org:alternate_names,<E >E,9,49
4,org:alternate_names,<C >E >E,8,12
5,org:alternate_names,<E >E >E,5,18
6,org:alternate_names,<A >A >C,4,10
7,org:alternate_names,<E <E >E,4,19
8,org:alternate_names,<C <A <H >H >A >C,2,2
9,org:alternate_names,<C <A <H >H >C,2,0
10,org:alternate_names,<C <E <A <H >H >A >E >C,2,0
11,org:alternate_names,<C <E >C,2,6
12,org:alternate_names,<C <E >E >C,2,1
13,org:alternate_names,<A <H >C,1,0
14,org:alternate_names,<A <H >H >A >E >C,1,0
15,org:alternate_names,<A >A,1,7
16,org:alternate_names,<A >E,1,0
17,org:alternate_names,<C <A <H >H >A >A >A >E,1,0
18,org:alternate_names,<C <A <H >H >A >E >C,1,0
19,org:alternate_names,<C <C <C <A >A <E >H >A >E,1,0
20,org:alternate_names,<C <C <E <E <A <H >H >A >E,1,0
21,org:alternate_names,<C <C >C >A >C,1,0
22,org:alternate_names,<C <C >E >C,1,0
23,org:alternate_names,<C <E <A <C <A >A <C >E >E,1,0
24,org:alternate_names,<C <E <A <H >H >A >A >C,1,0
25,org:alternate_names,<C <E <E <C >C >E >E,1,0
26,org:alternate_names,<C <E >E,1,15
27,org:alternate_names,<C >E >C >E,1,0
28,org:alternate_names,<C >E >E >C,1,2
29,org:alternate_names,<E <A >A <C <A <H >H >A >C,1,0
30,org:alternate_names,<E <A >A >C >E,1,0
31,org:alternate_names,<E <C <E >C,1,0
32,org:alternate_names,<E <C >C >C,1,0
33,org:alternate_names,<E <E <A <A >A >E >C,1,0
34,org:alternate_names,<E <E <C <A <H >H >A,1,0
35,org:alternate_names,<E <E <C <C <C <A <H >H >E >C,1,0
36,org:alternate_names,<E <E <C >C >E >E >C,1,0
37,org:alternate_names,<E <H >H >A >A >C,1,0
38,org:alternate_names,<E >C <A >A,1,0
39,org:alternate_names,<E >C >E,1,0
40,org:alternate_names,<E >E >C,1,13
41,org:alternate_names,<H >C,1,0
42,org:alternate_names,<P <H >H >A >E >E,1,0
43,org:alternate_names,<P <H >H >A >H >A >E >E >C >E,1,0
44,org:city_of_headquarters,<C >E >E >C,7,4
45,org:city_of_headquarters,<E >E >C,7,71
46,org:city_of_headquarters,<C >E >E,6,5
47,org:city_of_headquarters,<C >E >A >C,5,2
48,org:city_of_headquarters,<A >A >C,4,26
49,org:city_of_headquarters,<E <A >A >C,3,9
50,org:city_of_headquarters,<A >A,2,8
51,org:city_of_headquarters,<C <A >A >E,2,0
52,org:city_of_headquarters,<C <A >A >E >C,2,1
53,org:city_of_headquarters,<C >E >C,2,25
54,org:city_of_headquarters,<E <C <A >A >C,2,1
55,org:city_of_headquarters,<E <E <C >C >E >E >C,2,0
56,org:city_of_headquarters,<E <E >E >C,2,9
57,org:city_of_headquarters,<E >E >E,2,3
58,org:city_of_headquarters,<A <E >E >C,1,1
59,org:city_of_headquarters,<A <H >H >A >C,1,1
60,org:city_of_headquarters,<A <H >H >E >E >E >C,1,0
61,org:city_of_headquarters,<A >A >E >C,1,3
62,org:city_of_headquarters,<C <A <A <A <H >H >A >C,1,0
63,org:city_of_headquarters,<C <A <A >E,1,0
64,org:city_of_headquarters,<C <A <E >E,1,0
65,org:city_of_headquarters,<C <A <H >H >A >E >E,1,0
66,org:city_of_headquarters,<C <A <H >H >D,1,0
67,org:city_of_headquarters,<C <C <E <A >A >A,1,0
68,org:city_of_headquarters,<C <E <A <H >H >E >C,1,0
69,org:city_of_headquarters,<C <E >E >C,1,9
70,org:city_of_headquarters,<C >C,1,2
71,org:city_of_headquarters,<C >E,1,1
72,org:city_of_headquarters,<C >E >E >E >C,1,0
73,org:city_of_headquarters,<E <A <H >H >A >E,1,0
74,org:city_of_headquarters,<E <A >A >E,1,2
75,org:city_of_headquarters,<E <A >A >E >C,1,6
76,org:city_of_headquarters,<E <E <A <H >H >A >A >E >C,1,0
77,org:city_of_headquarters,<E <E <A >A >C,1,1
78,org:city_of_headquarters,<E <E <A >C,1,0
79,org:city_of_headquarters,<E <E <E <E >E >A >C,1,0
80,org:city_of_headquarters,<E <E <E >E >C,1,5
81,org:city_of_headquarters,<E >E >A,1,1
82,org:city_of_headquarters,<E >E >A >C,1,7
83,org:city_of_headquarters,<E >E >A >E,1,1
84,org:city_of_headquarters,<E >E >A >E >C,1,0
85,org:city_of_headquarters,<E >E >E >C,1,3
86,org:city_of_headquarters,>E >C,1,0
87,org:country_of_headquarters,<C >E >C,12,61
88,org:country_of_headquarters,<C <A >A >C,3,2
89,org:country_of_headquarters,<C <E <E <A >A >A,3,0
90,org:country_of_headquarters,<C >C,3,1
91,org:country_of_headquarters,<C >E >E,3,15
92,org:country_of_headquarters,<C >E >E >C,3,12
93,org:country_of_headquarters,<E <A >A >E >C,3,5
94,org:country_of_headquarters,<C <A <A >A >E,2,0
95,org:country_of_headquarters,<C <A <H >H >A >E >C,2,1
96,org:country_of_headquarters,<C <E <A <H >H >A,2,0
97,org:country_of_headquarters,<E <A <H >H >A >E >C,2,4
98,org:country_of_headquarters,<E >E >A >C,2,2
99,org:country_of_headquarters,<E >E >C,2,24
100,org:country_of_headquarters,<H >H >A >E >C,2,3
101,org:country_of_headquarters,<A <H >H >A >E >C,1,1
102,org:country_of_headquarters,<A >A >C,1,7
103,org:country_of_headquarters,<A >A >E >C,1,13
104,org:country_of_headquarters,<A >A >E >E >H >A >E >C,1,0
105,org:country_of_headquarters,<A >P,1,0
106,org:country_of_headquarters,<C <A <A <H >H >A >E,1,0
107,org:country_of_headquarters,<C <A <C <E <A <H >H >A >E >E >C,1,0
108,org:country_of_headquarters,<C <A <E <A <A >A >E,1,0
109,org:country_of_headquarters,<C <A <H >H >A,1,0
110,org:country_of_headquarters,<C <A <H >H >A >C,1,6
111,org:country_of_headquarters,<C <A <H >H >H >A >A >C,1,0
112,org:country_of_headquarters,<C <A >A >A >E >C,1,1
113,org:country_of_headquarters,<C <A >A >E >E >C,1,2
114,org:country_of_headquarters,<C <A >A >E >E >E,1,0
115,org:country_of_headquarters,<C <A >C,1,0
116,org:country_of_headquarters,<C <A >E >A >E >C,1,0
117,org:country_of_headquarters,<C <C <A >A >E >H >A >C,1,0
118,org:country_of_headquarters,<C <C >C,1,1
119,org:country_of_headquarters,<C <E <A <A <P <H >H >A >E >E >C,1,0
120,org:country_of_headquarters,<C <E <A <E <A <P <H >H >A >E >E >C,1,0
121,org:country_of_headquarters,<C <E <A <H <A >A >A >C,1,0
122,org:country_of_headquarters,<C <E <A <H >H >A >C >E >C,1,0
123,org:country_of_headquarters,<C <E <C <A >A >E >E >E >C,1,0
124,org:country_of_headquarters,<C <E <E <A <A >A >H >A >C,1,0
125,org:country_of_headquarters,<C <E <E <A <H >H >A,1,0
126,org:country_of_headquarters,<C <E <E <A <H >H >A >C,1,0
127,org:country_of_headquarters,<C <E <E <A <H >H >A >E >C >C,1,1
128,org:country_of_headquarters,<C <E <E <A <H >H >A >E >E >C,1,0
129,org:country_of_headquarters,<C <E <E <A <H >H >H >A,1,0
130,org:country_of_headquarters,<C <E <E <C <C <C <A >A >E,1,0
131,org:country_of_headquarters,<C <E <E <E <A >A >C,1,0
132,org:country_of_headquarters,<C <E >E >C,1,4
133,org:country_of_headquarters,<C >C >C,1,0
134,org:country_of_headquarters,<C >E >A >E >C,1,1
135,org:country_of_headquarters,<C >E >E >E,1,2
136,org:country_of_headquarters,<C >H >A >A,1,0
137,org:country_of_headquarters,<E <A <C <A <A <C <A <H >H >A >C,1,0
138,org:country_of_headquarters,<E <A <H <A <A <H >H >A,1,0
139,org:country_of_headquarters,<E <A <H >C >C,1,0
140,org:country_of_headquarters,<E <A <H >H >A >C,1,3
141,org:country_of_headquarters,<E <A >A >A >E >C,1,1
142,org:country_of_headquarters,<E <A >A >E >C >E >C,1,0
143,org:country_of_headquarters,<E <A >A >E >E,1,0
144,org:country_of_headquarters,<E <A >D >C,1,0
145,org:country_of_headquarters,<E <C <A <E <H >H >A >E,1,0
146,org:country_of_headquarters,<E <C <A >A >A >E >E >C,1,0
147,org:country_of_headquarters,<E <C <A >A >E,1,0
148,org:country_of_headquarters,<E <C >C,1,1
149,org:country_of_headquarters,<E <C >C >E >C,1,1
150,org:country_of_headquarters,<E <E <A <A <H <A <H >H >A >E >C,1,0
151,org:country_of_headquarters,<E <E <A <H >H >A,1,1
152,org:country_of_headquarters,<E <E <A <H >H >A >A >C,1,0
153,org:country_of_headquarters,<E <E <A <H >H >A >E,1,2
154,org:country_of_headquarters,<E <E <A >A,1,0
155,org:country_of_headquarters,<E <E <A >A >A >E >E >C,1,0
156,org:country_of_headquarters,<E <E <C <C <C <A >A >E,1,0
157,org:country_of_headquarters,<E <E <C >C >E >C,1,0
158,org:country_of_headquarters,<E <E <E <A <A >A >H >A >E >E >C,1,0
159,org:country_of_headquarters,<E >A >E >C >C >C,1,0
160,org:country_of_headquarters,<E >C <A >A >E >C,1,0
161,org:country_of_headquarters,<E >E,1,8
162,org:country_of_headquarters,<E >H >A >H >A >E >E,1,0
163,org:dissolved,<E <A >D,1,0
164,org:founded,<A >D >C,16,15
165,org:founded,<E <A >D >C,3,11
166,org:founded,<C <A >D >C,2,7
167,org:founded,<E <A >D,2,1
168,org:founded,<E >E >D >C,2,1
169,org:founded,<A <H >H >A >D >C,1,0
170,org:founded,<A <H >H >D >C,1,2
171,org:founded,<C <E <E <E <A <H >H >D >C,1,0
172,org:founded,<C >E <A >D >C,1,0
173,org:founded,<E <A <A >D >C,1,0
174,org:founded,<E <A >A <A >D >C,1,1
175,org:founded,<E <A >D >E,1,3
176,org:founded,<E <E >E >D >C,1,0
177,org:founded,<E >E,1,1
178,org:founded,<E >E >A >D >C,1,0
179,org:founded_by,<C <E <E >C,10,6
180,org:founded_by,<E <E >C,9,3
181,org:founded_by,<C <E >C,5,1
182,org:founded_by,<C <A >A >C >C,3,0
183,org:founded_by,<E <E <E >C,3,8
184,org:founded_by,<A >A,2,3
185,org:founded_by,<A >A >C >C,2,0
186,org:founded_by,<C >C,2,2
187,org:founded_by,<E >C,2,1
188,org:founded_by,<A <H <A >A,1,0
189,org:founded_by,<A <H >H >A >E >C,1,0
190,org:founded_by,<A >A >C,1,5
191,org:founded_by,<A >A >C >C >E,1,0
192,org:founded_by,<C <A <A <H >H >A >C,1,0
193,org:founded_by,<C <A <E <E >C,1,0
194,org:founded_by,<C <A >A,1,4
195,org:founded_by,<C <A >A >C >C >C,1,0
196,org:founded_by,<C <A >A >E >C,1,1
197,org:founded_by,<C <E <A >A >C,1,3
198,org:founded_by,<C <E <C <C <E <A >A,1,0
199,org:founded_by,<C <E <C <E >C,1,1
200,org:founded_by,<C <E <C >C >E >E >C,1,0
201,org:founded_by,<C <E <E <A >A >A,1,0
202,org:founded_by,<C <H >H >A >C,1,0
203,org:founded_by,<C >E >A >C,1,2
204,org:founded_by,<E <A <E <C >C,1,0
205,org:founded_by,<E <A <E <E >C,1,0
206,org:founded_by,<E <A >A,1,8
207,org:founded_by,<E <A >A <A >A >E >C,1,0
208,org:founded_by,<E <C <E >C,1,0
209,org:founded_by,<E <E <A <H >C,1,0
210,org:founded_by,<E <E <C <E >C,1,0
211,org:founded_by,<E <E <E <C >C >C,1,0
212,org:founded_by,<E <E >C >C,1,0
213,org:founded_by,<E >E >A >C,1,2
214,org:founded_by,<E >E >A >E >C,1,0
215,org:founded_by,<E >E >E >C,1,0
216,org:member_of,<A >A >C >E >C,1,0
217,org:member_of,<C <A <H >H >A,1,1
218,org:member_of,<C <A >A >C >A >E,1,0
219,org:member_of,<C <A >A >E,1,5
220,org:member_of,<C <E <E <A >A >E,1,0
221,org:member_of,<C <E >E >E >C,1,0
222,org:member_of,<C >C,1,2
223,org:member_of,<C >E >E,1,0
224,org:member_of,<C >E >E >C,1,1
225,org:member_of,<C >E >E >E >S,1,0
226,org:member_of,<E <A <A >A >C >E >E,1,0
227,org:member_of,<E <A <H >H >A >E,1,1
228,org:member_of,<E <C <C <E <E <A >A >E >E,1,0
229,org:member_of,<E <E <A <H >H,1,0
230,org:member_of,<E <E >E >A >E >E >E >E,1,0
231,org:member_of,<E <H >H >A >E,1,0
232,org:member_of,<E >E >C,1,1
233,org:members,<E <A >A >A >C >C,6,0
234,org:members,<C <A >A >E >C,2,0
235,org:members,<C <E <A >A >E >E,2,0
236,org:members,<A >A >E >C,1,0
237,org:members,<C <A >A,1,5
238,org:members,<C <E <A >A >A >E >C,1,0
239,org:members,<C <E <A >A >C,1,0
240,org:members,<C <E <A >A >E >E >E >E >C,1,0
241,org:members,<C <E <C <E <A <H >H >A >C >E >E >C >C,1,0
242,org:members,<C <E <E <A <H >H >A >E >C >C,1,0
243,org:members,<C <E >E,1,6
244,org:members,<C >E >E,1,0
245,org:members,<C >E >E >E >E,1,0
246,org:members,<E <A <C <A <H >H >A >E >E >C,1,0
247,org:members,<E <A <H >H >C,1,0
248,org:members,<E <A <H >H >H >A >A,1,0
249,org:members,<E <A >A,1,1
250,org:members,<E <E <A <H >H >A,1,0
251,org:members,<E <E <A >A >A >A >C,1,0
252,org:members,<E <E >C,1,14
253,org:members,<E >C >E,1,0
254,org:members,<E >E >A,1,0
255,org:members,<E >E >E,1,0
256,org:number_of_employees/members,<A >A >E,4,11
257,org:number_of_employees/members,<E <A <H >H >A >E,2,1
258,org:number_of_employees/members,<A <H >H >A >E,1,0
259,org:number_of_employees/members,<A >A >C >E,1,2
260,org:number_of_employees/members,<A >A >E >E,1,2
261,org:number_of_employees/members,<C <A <A <H >H >A >E,1,0
262,org:number_of_employees/members,<C <A <H >H >A >E >C,1,0
263,org:number_of_employees/members,<C <A >A >E,1,6
264,org:number_of_employees/members,<C <A >A >E >A >C >E >E >E,1,0
265,org:number_of_employees/members,<C <E <A <H >C >E,1,0
266,org:number_of_employees/members,<C <E >E >A >E,1,1
267,org:number_of_employees/members,<C >E,1,2
268,org:number_of_employees/members,<E <A <H >H >E,1,0
269,org:number_of_employees/members,<E <A >A >E,1,3
270,org:number_of_employees/members,<E <C <A <A <H >H >A >E,1,0
271,org:parents,<C <A <A >A >C,5,2
272,org:parents,<A >A >C,4,10
273,org:parents,<A >A,3,5
274,org:parents,<C <A >A,3,7
275,org:parents,<C >E >E >C,3,5
276,org:parents,<E >E >C,3,15
277,org:parents,<A >A >E,2,1
278,org:parents,<C <A <H >H >A >C,2,1
279,org:parents,<C <A >A >E >C,2,3
280,org:parents,<C >E >E,2,3
281,org:parents,<A <H >H >A,1,0
282,org:parents,<A >A >E >E,1,0
283,org:parents,<C <A <A >A,1,2
284,org:parents,<C <A <C <A <A <H <A >A >C,1,0
285,org:parents,<C <A <E <A <A >A,1,0
286,org:parents,<C <A <E >E >E,1,0
287,org:parents,<C <A >A <A >A >E >C,1,0
288,org:parents,<C <C <C <A <E <A >A >A,1,0
289,org:parents,<C <C >E >E,1,2
290,org:parents,<C <E <A <A >A,1,0
291,org:parents,<C <E <A >A >A >C >C,1,0
292,org:parents,<C <E <A >A >C,1,1
293,org:parents,<C <E <E >E >E >C,1,0
294,org:parents,<C <E >E >A >C,1,0
295,org:parents,<C <H >H >A,1,0
296,org:parents,<C >E >C,1,15
297,org:parents,<C >H >A,1,0
298,org:parents,<E <A <A >A >C,1,0
299,org:parents,<E <A <A >A >C >E >E,1,0
300,org:parents,<E <A <A >A >E,1,0
301,org:parents,<E <A >A,1,2
302,org:parents,<E <A >A >C,1,5
303,org:parents,<E <A >A >E >A >C >E >E,1,0
304,org:parents,<E <C <A <H >H >A,1,0
305,org:parents,<E <C <E <A <A >A,1,0
306,org:parents,<E <C >A >E,1,0
307,org:parents,<E <C >C >C,1,1
308,org:parents,<E <E <E <C >C >E >E >E >C,1,0
309,org:parents,<E <E >C,1,1
310,org:parents,<E >E >A >E >E,1,0
311,org:political/religious_affiliation,<C <A >A >E,2,1
312,org:political/religious_affiliation,<C <A <E >E,1,0
313,org:political/religious_affiliation,<C <E <A <E >E >E,1,0
314,org:political/religious_affiliation,<C >E >A >E,1,2
315,org:political/religious_affiliation,<C >E >E,1,19
316,org:political/religious_affiliation,<E <A <E >E,1,0
317,org:political/religious_affiliation,<E <C <H >H >A >E,1,0
318,org:political/religious_affiliation,<E >E,1,4
319,org:shareholders,<A >A,1,1
320,org:shareholders,<A >A >C,1,0
321,org:shareholders,<A >A >C >E >C,1,0
322,org:shareholders,<C <A <C <A <A <C <A <A <H >H >E,1,0
323,org:shareholders,<C <A <E <A <H >H >A >E >C >C,1,0
324,org:shareholders,<C <C <A <H >H,1,0
325,org:shareholders,<C <C <E <A >A,1,0
326,org:shareholders,<C <E <A <H >H >C >E >C,1,0
327,org:shareholders,<C <E <E <A >A >E >E,1,0
328,org:shareholders,<E <A >A >C,1,1
329,org:shareholders,<E <C >C >E,1,0
330,org:shareholders,<E <E <A <A >A,1,0
331,org:stateorprovince_of_headquarters,<A >A >C,6,2
332,org:stateorprovince_of_headquarters,<C <A >A >E,3,2
333,org:stateorprovince_of_headquarters,<A >A >E,2,7
334,org:stateorprovince_of_headquarters,<C <C >C >E >C,2,0
335,org:stateorprovince_of_headquarters,<C >E >A >E,2,2
336,org:stateorprovince_of_headquarters,<C >E >E,2,6
337,org:stateorprovince_of_headquarters,<C >E >E >E,2,0
338,org:stateorprovince_of_headquarters,<E <E >E >C,2,2
339,org:stateorprovince_of_headquarters,<E >E >C,2,43
340,org:stateorprovince_of_headquarters,<E >E >E,2,13
341,org:stateorprovince_of_headquarters,<A <A <H >H >E,1,0
342,org:stateorprovince_of_headquarters,<A <E >E >A,1,0
343,org:stateorprovince_of_headquarters,<A <E >E >E,1,0
344,org:stateorprovince_of_headquarters,<A >A >E >E >E >E,1,0
345,org:stateorprovince_of_headquarters,<C <A <H >H >A,1,1
346,org:stateorprovince_of_headquarters,<C <E <E <A <A <H >E >E,1,0
347,org:stateorprovince_of_headquarters,<C <E <E <A <H >E,1,0
348,org:stateorprovince_of_headquarters,<C <E <E <A <H >H >A >C,1,0
349,org:stateorprovince_of_headquarters,<C <E <E <A >A >A >C,1,0
350,org:stateorprovince_of_headquarters,<C <E <E <A >A >A >E >A,1,0
351,org:stateorprovince_of_headquarters,<C <E <E >A >E >A >E >C >C,1,0
352,org:stateorprovince_of_headquarters,<C <E <P <H >H >A >A >E >C,1,0
353,org:stateorprovince_of_headquarters,<C <H >H >A >C,1,0
354,org:stateorprovince_of_headquarters,<C <P >A >E >C,1,0
355,org:stateorprovince_of_headquarters,<C >E >A >C,1,2
356,org:stateorprovince_of_headquarters,<E <A <H >H >P,1,0
357,org:stateorprovince_of_headquarters,<E <A >A >C,1,3
358,org:stateorprovince_of_headquarters,<E <C <A >A >E,1,0
359,org:stateorprovince_of_headquarters,<E <E <E <C <A <H >H >A >E >A >E >C >C,1,0
360,org:stateorprovince_of_headquarters,<E <E <E <C <H >H >A >E >A >E >C >C,1,0
361,org:stateorprovince_of_headquarters,<E <E >E >E >C,1,0
362,org:stateorprovince_of_headquarters,<E >E >A >C,1,3
363,org:stateorprovince_of_headquarters,<E >E >A >E >E,1,0
364,org:subsidiaries,<C <E >E,6,12
365,org:subsidiaries,<E >E >A >E,3,1
366,org:subsidiaries,<C <A >A,2,6
367,org:subsidiaries,<E <A <H >H >A,2,0
368,org:subsidiaries,<A <A >A,1,0
369,org:subsidiaries,<A <H >H >A >E >E,1,0
370,org:subsidiaries,<A >A >E >E >E,1,0
371,org:subsidiaries,<C <A <A >A,1,0
372,org:subsidiaries,<C <A <E <A >A,1,0
373,org:subsidiaries,<C <A <H >H >A >C,1,3
374,org:subsidiaries,<C <A <H >H >H >E >C,1,0
375,org:subsidiaries,<C <A >A <C >E >C,1,0
376,org:subsidiaries,<C <C <A <A >A,1,1
377,org:subsidiaries,<C <C <E <E <A >A,1,0
378,org:subsidiaries,<C <C >C,1,1
379,org:subsidiaries,<C <E <E <E <C >C >E >E >E,1,0
380,org:subsidiaries,<C <E <E >C,1,13
381,org:subsidiaries,<C <E >E >C,1,4
382,org:subsidiaries,<C <E >E >E,1,6
383,org:subsidiaries,<C <H >H >A,1,0
384,org:subsidiaries,<C >C,1,4
385,org:subsidiaries,<C >E >C,1,1
386,org:subsidiaries,<E <A <A <H >H >A >E,1,0
387,org:subsidiaries,<E <A <H >H >A >C,1,2
388,org:subsidiaries,<E <A <H >H >A >C >C,1,1
389,org:subsidiaries,<E <A >A,1,5
390,org:subsidiaries,<E <A >A >E,1,2
391,org:subsidiaries,<E <E <A <E >C,1,0
392,org:subsidiaries,<E <E <C >C >E >E,1,1
393,org:subsidiaries,<E <E <E >C >C,1,0
394,org:subsidiaries,<E <E >C,1,13
395,org:subsidiaries,<E <E >E >E >C,1,0
396,org:subsidiaries,<E >C,1,1
397,org:subsidiaries,<E >E >C,1,0
398,org:subsidiaries,<E >E >E,1,1
399,org:top_members/employees,<C <E <E >C,95,292
400,org:top_members/employees,<E <E <E >C,45,230
401,org:top_members/employees,<E <E >C,31,329
402,org:top_members/employees,<E <E <E <E >C,12,17
403,org:top_members/employees,<C <E >C,11,73
404,org:top_members/employees,<E <E <A >A,7,30
405,org:top_members/employees,<E >C,6,29
406,org:top_members/employees,<C <E <E <E >C,5,34
407,org:top_members/employees,<E <E <C <E >C,5,15
408,org:top_members/employees,<A >A >C,4,15
409,org:top_members/employees,<C <E <A >A,4,42
410,org:top_members/employees,<C >C,4,2
411,org:top_members/employees,<E <A <E >C,4,8
412,org:top_members/employees,<C <A <E >C,3,5
413,org:top_members/employees,<C <E <C <E >C,3,10
414,org:top_members/employees,<C <E <E <A >A,3,6
415,org:top_members/employees,<E <A >A,3,29
416,org:top_members/employees,<E <A >A >C,3,9
417,org:top_members/employees,<E >E,3,8
418,org:top_members/employees,<A >A,2,11
419,org:top_members/employees,<C <E <A <E >C,2,6
420,org:top_members/employees,<C <E <A <H >H,2,5
421,org:top_members/employees,<C <E <A >A >C,2,6
422,org:top_members/employees,<C <E <C >C >C,2,0
423,org:top_members/employees,<C <E <E <C >C >C,2,0
424,org:top_members/employees,<C <H >H >A >C,2,1
425,org:top_members/employees,<E <A <H >H >A,2,9
426,org:top_members/employees,<E <E <A <H >H >A >C,2,4
427,org:top_members/employees,<A <H >H >A >C,1,17
428,org:top_members/employees,<A >A <A <A <H <A >A >C,1,0
429,org:top_members/employees,<C <A <A >A >C,1,3
430,org:top_members/employees,<C <A <E <L >H >A >C >A >E,1,0
431,org:top_members/employees,<C <A <H >H >A >C,1,12
432,org:top_members/employees,<C <A <H >H >A >E >A >C,1,0
433,org:top_members/employees,<C <A <H >H >C,1,1
434,org:top_members/employees,<C <A >A,1,25
435,org:top_members/employees,<C <A >A <A <H >H >A,1,0
436,org:top_members/employees,<C <A >A >E >C,1,0
437,org:top_members/employees,<C <C <A >A,1,0
438,org:top_members/employees,<C <C <E >C,1,1
439,org:top_members/employees,<C <C >C >C,1,0
440,org:top_members/employees,<C <C >E,1,0
441,org:top_members/employees,<C <E <A <A <A <H >H >A >C >C,1,0
442,org:top_members/employees,<C <E <A <E <E <A >A >H >A >E,1,0
443,org:top_members/employees,<C <E <A <E <E >C,1,0
444,org:top_members/employees,<C <E <A >A >A >E >E >C,1,0
445,org:top_members/employees,<C <E <A >A >E,1,0
446,org:top_members/employees,<C <E <A >A >E >C >C >E >C >C,1,0
447,org:top_members/employees,<C <E <A >A >E >E >C >C,1,0
448,org:top_members/employees,<C <E <A >E,1,0
449,org:top_members/employees,<C <E <C <A >C,1,0
450,org:top_members/employees,<C <E <E <A <H >H >A,1,3
451,org:top_members/employees,<C <E <E <A <H >L,1,0
452,org:top_members/employees,<C <E <E <A >A >A,1,2
453,org:top_members/employees,<C <E <E <C >C,1,0
454,org:top_members/employees,<C <E <E <E <E <A >C,1,0
455,org:top_members/employees,<C <E <E <E <H >H >A <A >A >A,1,0
456,org:top_members/employees,<C <E <E <E >H >A,1,0
457,org:top_members/employees,<C <E <E >A,1,1
458,org:top_members/employees,<C <E <E >C >A >A >E >A >E,1,0
459,org:top_members/employees,<C <E <H >H >A >C,1,1
460,org:top_members/employees,<C <E >A,1,2
461,org:top_members/employees,<C <E >A >C,1,0
462,org:top_members/employees,<C <E >E,1,11
463,org:top_members/employees,<C <E >E >C,1,3
464,org:top_members/employees,<C <E >H >A,1,1
465,org:top_members/employees,<C <H >H >A,1,1
466,org:top_members/employees,<C >A >C,1,2
467,org:top_members/employees,<C >C >C,1,0
468,org:top_members/employees,<C >E >E,1,0
469,org:top_members/employees,<E <A <A <A >A >C,1,0
470,org:top_members/employees,<E <A <E >A >H >A,1,0
471,org:top_members/employees,<E <A <H >H >C,1,1
472,org:top_members/employees,<E <C <C <E <A <H >H >A >C,1,0
473,org:top_members/employees,<E <C <H >H >A >C,1,0
474,org:top_members/employees,<E <E <A <E >A >A >C,1,0
475,org:top_members/employees,<E <E <A <E >C,1,3
476,org:top_members/employees,<E <E <A <H >H >A,1,7
477,org:top_members/employees,<E <E <A <H >H >A >E >C,1,0
478,org:top_members/employees,<E <E <A >A >C,1,11
479,org:top_members/employees,<E <E <A >A >H >A,1,0
480,org:top_members/employees,<E <E <C >C,1,1
481,org:top_members/employees,<E <E <C >C >C,1,4
482,org:top_members/employees,<E <E <E <A <C >H >A >A >C,1,0
483,org:top_members/employees,<E <E <E <A >A >A,1,1
484,org:top_members/employees,<E <E <E <A >A >A >E,1,1
485,org:top_members/employees,<E <E <E <A >A >E,1,0
486,org:top_members/employees,<E <E <E >E,1,5
487,org:top_members/employees,<E <E <H >H >A >C,1,2
488,org:top_members/employees,<E <E >A,1,2
489,org:top_members/employees,<E <E >A >A >C,1,0
490,org:top_members/employees,<E <E >E >A,1,1
491,org:top_members/employees,<U <A >A,1,0
492,org:website,<C >R,2,7
493,org:website,<E <E >E,2,1
494,org:website,<A <H >F,1,0
495,org:website,<A >A,1,0
496,org:website,<A >A >A >C,1,0
497,org:website,<A >A >E,1,0
498,org:website,<A >A >F,1,0
499,org:website,<A >F,1,1
500,org:website,<A >U,1,8
501,org:website,<C <A <A <H >U,1,0
502,org:website,<C <A >D,1,0
503,org:website,<C <A >U,1,4
504,org:website,<C <E <A <H >H >A >E >C,1,0
505,org:website,<C >U,1,7
506,org:website,<E <A <A >U,1,0
507,org:website,<E <A >A >U,1,0
508,org:website,<E <E <A <H >F,1,0
509,org:website,<E >F,1,2
510,org:website,<E >H >A >E,1,0
511,org:website,<E >R,1,5
512,per:age,<C >E,65,104
513,per:age,<C >E >E,34,19
514,per:age,<A >S,11,25
515,per:age,<C >E >E >E,9,6
516,per:age,<A >A >E >E,7,3
517,per:age,<A >D,5,21
518,per:age,<A <H >H >S,3,2
519,per:age,<A >A,3,12
520,per:age,<A >A >E,3,4
521,per:age,<C >E >A >E >E,3,0
522,per:age,<C <A >A >E,2,3
523,per:age,<C <A >S,2,6
524,per:age,<C <E >E >E,2,0
525,per:age,<C >E >A >E,2,3
526,per:age,<C >E >S,2,0
527,per:age,<E >E >E >E,2,0
528,per:age,<A <A <H >H >A >H >A >E,1,0
529,per:age,<A <A >A >E,1,2
530,per:age,<A <H >E,1,1
531,per:age,<A <H >H,1,0
532,per:age,<A <H >H >A >E,1,8
533,per:age,<A >A >A >E,1,0
534,per:age,<A >A >C,1,3
535,per:age,<A >A >D,1,0
536,per:age,<A >C,1,0
537,per:age,<A >D >E >C,1,0
538,per:age,<A >E,1,0
539,per:age,<A >P,1,1
540,per:age,<C <A <A >A,1,0
541,per:age,<C <A >A >A >E >E,1,0
542,per:age,<C <A >A >C >E >E,1,0
543,per:age,<C <A >D >C,1,13
544,per:age,<C <A >E,1,0
545,per:age,<C >A >E >E,1,0
546,per:age,<C >E >C,1,1
547,per:age,<C >E >D,1,2
548,per:age,<C >H >A >E,1,0
549,per:age,<C >S,1,0
550,per:age,<C >U,1,0
551,per:age,<E <A <A >A >E >E,1,1
552,per:age,<E <A <H >H >A >D,1,0
553,per:age,<E <A <H >H >S,1,2
554,per:age,<E <A >A >E,1,7
555,per:age,<E <C <A <H >H >A >E,1,0
556,per:age,<E <E <A <A >A <C >E,1,0
557,per:age,<E <E <A >A <A >A,1,0
558,per:age,<E <E <A >A >E,1,1
559,per:age,<E <E >E,1,1
560,per:age,<E <E >E >E,1,0
561,per:age,<E >C,1,0
562,per:age,<E >E >A >E,1,0
563,per:alternate_names,<A >A,2,9
564,per:alternate_names,<A <E <E <A <H >H >A >A >E >E >C,1,0
565,per:alternate_names,<C <A <H >H >A >C,1,1
566,per:alternate_names,<C <A <H >H >C,1,0
567,per:alternate_names,<C <A >A <C >E >A >C,1,0
568,per:alternate_names,<C <A >A >C,1,1
569,per:alternate_names,<C <E <A <H <A <H >H >A,1,0
570,per:alternate_names,<C <E >C <A >A >H >A >E >C,1,0
571,per:alternate_names,<C >E >C,1,4
572,per:cause_of_death,<A >A,5,0
573,per:cause_of_death,<C <A >P,4,0
574,per:cause_of_death,<A >P,3,1
575,per:cause_of_death,<C <A >A >C,3,7
576,per:cause_of_death,<A <H >H >A,2,0
577,per:cause_of_death,<A >A >E >A,2,0
578,per:cause_of_death,<C <A <H >H >A >C,2,1
579,per:cause_of_death,<C <A <H >H >P,2,0
580,per:cause_of_death,<A <A <A >A >A >E,1,0
581,per:cause_of_death,<A <A <H >H >P,1,0
582,per:cause_of_death,<A <H >H >A >C,1,1
583,per:cause_of_death,<A <H >H >A >E,1,2
584,per:cause_of_death,<A <H >H >P,1,0
585,per:cause_of_death,<A >A >C,1,7
586,per:cause_of_death,<A >A >E >P,1,0
587,per:cause_of_death,<C <A <A <A <E <A >A >A >A >E,1,0
588,per:cause_of_death,<C <A <A <A <H >H >A >A >C,1,0
589,per:cause_of_death,<C <A <A >A >C,1,0
590,per:cause_of_death,<C <A <C <A >A >E >A >C,1,0
591,per:cause_of_death,<C <A <H >H >A >C >C >C,1,0
592,per:cause_of_death,<C <A <H >H >P >C,1,0
593,per:cause_of_death,<C <A >C,1,0
594,per:cause_of_death,<C <A >P >C,1,1
595,per:cause_of_death,<C <E <A >A >A >C,1,0
596,per:cause_of_death,<C <E >C,1,0
597,per:cause_of_death,<C <E >C >C,1,0
598,per:cause_of_death,<C <H >H >E,1,0
599,per:cause_of_death,<E <A <H <A <H >H >P >C,1,0
600,per:cause_of_death,<E <A <H >H >A >H >A >C,1,0
601,per:cause_of_death,<E <E <E <A <H >H >A,1,0
602,per:cause_of_death,<E >C,1,0
603,per:cause_of_death,<H >H >A >C,1,4
604,per:charges,<A >A >E,7,2
605,per:charges,<A >A >C,5,7
606,per:charges,<A >P,5,11
607,per:charges,<A >A >C >E,4,0
608,per:charges,<C <A >A >E >A >C,3,0
609,per:charges,<C <A >A >E >A >C >E,3,0
610,per:charges,<A <C >C,2,0
611,per:charges,<A >A >C >C,2,0
612,per:charges,<A >A >E >C,2,1
613,per:charges,<A >A >E >C >C,2,0
614,per:charges,<C <A >A >C,2,2
615,per:charges,<C <E <A <H >H >A >E,2,0
616,per:charges,<C <E >E,2,1
617,per:charges,<C >A >C >C,2,0
618,per:charges,<E <A <C >C >P,2,0
619,per:charges,<A <A >A <A >A >C,1,0
620,per:charges,<A <E >H >A >C,1,0
621,per:charges,<A <H >C,1,0
622,per:charges,<A <H >H >A >A >P,1,0
623,per:charges,<A <H >H >A >C >C >E,1,1
624,per:charges,<A <H >H >A >E,1,1
625,per:charges,<A <H >H >A >E >E >C,1,0
626,per:charges,<A <H >H >P,1,0
627,per:charges,<A >A,1,0
628,per:charges,<A >A <A >A,1,0
629,per:charges,<A >A >A >C,1,0
630,per:charges,<A >A >A >E,1,0
631,per:charges,<A >A >E >C >C >E,1,0
632,per:charges,<A >A >E >E >E >E,1,0
633,per:charges,<A >A >P >C,1,0
634,per:charges,<A >C,1,0
635,per:charges,<A >C >P,1,0
636,per:charges,<C <A <H >H >A >C,1,0
637,per:charges,<C <A <H >H >A >C >E,1,0
638,per:charges,<C <A <H >H >E >C >A >C,1,0
639,per:charges,<C <A <H >H >E >C >P,1,0
640,per:charges,<C <A >A >C >A >E,1,0
641,per:charges,<C <A >A >C >C,1,1
642,per:charges,<C <A >A >C >C >E,1,2
643,per:charges,<C <A >A >C >P,1,0
644,per:charges,<C <A >A >E,1,1
645,per:charges,<C <A >A >E >C,1,0
646,per:charges,<C <A >A >E >C >C,1,0
647,per:charges,<C <A >E,1,0
648,per:charges,<C <A >E >E >E >C >E,1,0
649,per:charges,<C <C <A >A >E,1,0
650,per:charges,<C <E <A <A <H >E,1,0
651,per:charges,<C <E <A <H >H >P >C,1,0
652,per:charges,<C <E <A >A >E,1,0
653,per:charges,<C <E <C <E <T >A >E >C >P,1,0
654,per:charges,<C <E >C >C >C,1,0
655,per:charges,<C >A >E >C >A >C >E,1,0
656,per:charges,<C >E,1,0
657,per:charges,<C >E >A >E >E,1,0
658,per:charges,<C >E >A >E >E >C >E,1,0
659,per:charges,<C >E >E >A >C,1,0
660,per:charges,<E <A <A <H >H >A >E,1,0
661,per:charges,<E <A <C >C,1,0
662,per:charges,<E <A >A <A >A >A >E,1,0
663,per:charges,<E <E <A <H >H >A >C,1,0
664,per:charges,<E >C <A >P,1,0
665,per:charges,<E >E >A >E,1,0
666,per:charges,<H >H >A >E >C,1,0
667,per:children,<E <C <C >C >C >C,4,0
668,per:children,<C <E <E >C,3,2
669,per:children,<A <H <A <H >H >A >E,2,0
670,per:children,<A >C,2,0
671,per:children,<C <E >C >C,2,0
672,per:children,<C >C >C,2,3
673,per:children,<E <C >C >C,2,0
674,per:children,<A <H >H >A,1,2
675,per:children,<A <H >H >E >C >C >C,1,0
676,per:children,<A >E >E >E >E,1,0
677,per:children,<C <E <A <H >H,1,3
678,per:children,<C <E <E <A <A >A >C,1,0
679,per:children,<C <E >C,1,5
680,per:children,<C >A,1,0
681,per:children,<C >C,1,2
682,per:children,<E <A <A <A >A,1,0
683,per:children,<E <A >A <C >E,1,0
684,per:children,<E <A >A >A >A,1,0
685,per:children,<E <C <A >A >C >C,1,0
686,per:children,<E <C <C >C >C,1,0
687,per:children,<E <E <A <H >H >A >E >C,1,0
688,per:children,<E <E <C >C >C,1,1
689,per:children,<E <E <C >C >C >C,1,0
690,per:children,<E <E >C >C,1,4
691,per:children,<H >H >A >E >C,1,0
692,per:cities_of_residence,<C >E >C,23,11
693,per:cities_of_residence,<A >A >C,15,53
694,per:cities_of_residence,<A >A >E >C,13,22
695,per:cities_of_residence,<C >E >E,5,13
696,per:cities_of_residence,<C >E >E >C,5,4
697,per:cities_of_residence,<A >A >E,4,18
698,per:cities_of_residence,<C <A >A >C,4,9
699,per:cities_of_residence,<C <A >A >E >C,4,5
700,per:cities_of_residence,<A <A >A >E >C,3,0
701,per:cities_of_residence,<A <H >H >A >C,3,13
702,per:cities_of_residence,<A <H >H >A >E >C,3,8
703,per:cities_of_residence,<A >A,3,1
704,per:cities_of_residence,<C >E >A >E >C,3,4
705,per:cities_of_residence,<C >E >E >E >C,3,5
706,per:cities_of_residence,<E <A >A >C,3,5
707,per:cities_of_residence,<E >E >C,3,7
708,per:cities_of_residence,<A >A >E >E,2,11
709,per:cities_of_residence,<A >A >E >E >C,2,2
710,per:cities_of_residence,<C <A <H >H >A >E,2,4
711,per:cities_of_residence,<C <A <H >H >A >E >C,2,3
712,per:cities_of_residence,<C <E >C,2,1
713,per:cities_of_residence,<C <E >E >E,2,0
714,per:cities_of_residence,<C >E >C >E >E >C,2,0
715,per:cities_of_residence,<A <A <E <C <C <A <H >H >A >C,1,0
716,per:cities_of_residence,<A <A <H >H >A >C,1,1
717,per:cities_of_residence,<A <A >A >E,1,0
718,per:cities_of_residence,<A <E <A <H >H >A >C >E >C,1,0
719,per:cities_of_residence,<A <E <C <C <H >H >A >C,1,0
720,per:cities_of_residence,<A <E <E >C,1,0
721,per:cities_of_residence,<A <E >E >E >A >C >E >E >E,1,0
722,per:cities_of_residence,<A <H >E >E >C,1,1
723,per:cities_of_residence,<A <H >H >A <A >A >C,1,0
724,per:cities_of_residence,<A <H >H >A >A >E >E >C,1,1
725,per:cities_of_residence,<A <H >H >A >E,1,7
726,per:cities_of_residence,<A <H >H >A >E >E,1,1
727,per:cities_of_residence,<A <H >H >C,1,0
728,per:cities_of_residence,<A <H >H >E,1,1
729,per:cities_of_residence,<A <H >H >E >A >E >C,1,0
730,per:cities_of_residence,<A <H >H >S >E >E,1,0
731,per:cities_of_residence,<A >A >C >A >C,1,0
732,per:cities_of_residence,<A >A >C >C >E >E >C,1,0
733,per:cities_of_residence,<A >A >C >E >C,1,0
734,per:cities_of_residence,<A >A >C >E >E >E,1,0
735,per:cities_of_residence,<A >A >E >C >C >A >E >C,1,0
736,per:cities_of_residence,<A >A >E >E >E,1,0
737,per:cities_of_residence,<A >A >P >E >C,1,0
738,per:cities_of_residence,<A >C,1,0
739,per:cities_of_residence,<A >S >C,1,0
740,per:cities_of_residence,<A >S >E >C,1,0
741,per:cities_of_residence,<C <A <A <H >H >A >E >E,1,0
742,per:cities_of_residence,<C <A <A >A >E >C,1,1
743,per:cities_of_residence,<C <A <E >E >C,1,0
744,per:cities_of_residence,<C <A <H >H >A >C,1,1
745,per:cities_of_residence,<C <A <H >H >A >E >F,1,0
746,per:cities_of_residence,<C <A <H >H >C >E >C,1,0
747,per:cities_of_residence,<C <A >A >A >A >E >C,1,0
748,per:cities_of_residence,<C <A >A >E,1,3
749,per:cities_of_residence,<C <A >A >E >E >C,1,2
750,per:cities_of_residence,<C <A >A >H >A >H >A,1,0
751,per:cities_of_residence,<C <A >C,1,0
752,per:cities_of_residence,<C <C <A >A >E,1,0
753,per:cities_of_residence,<C <C <C <A >A >E,1,0
754,per:cities_of_residence,<C <C >E >E,1,0
755,per:cities_of_residence,<C <E <A <E <E >C,1,0
756,per:cities_of_residence,<C <E <A >A >C,1,1
757,per:cities_of_residence,<C <E <C >C >A >C,1,0
758,per:cities_of_residence,<C <E <E <A <A >A >C,1,0
759,per:cities_of_residence,<C <E <E <A >A >C,1,0
760,per:cities_of_residence,<C <H >C,1,0
761,per:cities_of_residence,<C <H >H >A >E >E,1,0
762,per:cities_of_residence,<C >A >E,1,0
763,per:cities_of_residence,<C >E,1,3
764,per:cities_of_residence,<C >E >A >C,1,2
765,per:cities_of_residence,<C >E >A >E,1,0
766,per:cities_of_residence,<C >E >A >E >E,1,0
767,per:cities_of_residence,<C >E >A >E >E >C,1,0
768,per:cities_of_residence,<C >E >A >E >E >E,1,0
769,per:cities_of_residence,<C >E >C >E >C,1,0
770,per:cities_of_residence,<C >E >E >E >E,1,1
771,per:cities_of_residence,<C >E >H >A >E >C,1,0
772,per:cities_of_residence,<C >H >A >E >C,1,0
773,per:cities_of_residence,<C >H >A >E >E,1,0
774,per:cities_of_residence,<E <A <E <A <H >H >A >C,1,0
775,per:cities_of_residence,<E <A <E <A >A >E >C,1,0
776,per:cities_of_residence,<E <A <E <A >A >E >E,1,0
777,per:cities_of_residence,<E <A <H >H >A >C,1,5
778,per:cities_of_residence,<E <A <H >H >A >E >C,1,0
779,per:cities_of_residence,<E <C <A <H >H >A >C,1,0
780,per:cities_of_residence,<E <C <C <A <H >H >A >A >C,1,0
781,per:cities_of_residence,<E <C >C >E >C,1,0
782,per:cities_of_residence,<E <D <H >H >A >C,1,0
783,per:cities_of_residence,<E <E <A <H >H >A >C >E >C,1,0
784,per:cities_of_residence,<E <E <A >A >E,1,0
785,per:cities_of_residence,<E <E <E <E <A >A >R,1,0
786,per:cities_of_residence,<E >E,1,1
787,per:cities_of_residence,<H >H >A >E >C,1,1
788,per:city_of_birth,<A >A >C,2,44
789,per:city_of_birth,<A >A >E >C,1,2
790,per:city_of_birth,<C >E >C,1,0
791,per:city_of_birth,<C >E >E >C,1,0
792,per:city_of_death,<A >A >C,4,4
793,per:city_of_death,<C <A >A >C,2,9
794,per:city_of_death,<E <A >A >E >C,2,0
795,per:city_of_death,<A <A >A <C >E,1,0
796,per:city_of_death,<A <C >H >A >A >E,1,0
797,per:city_of_death,<A <H >H >A >A >E >E >C,1,0
798,per:city_of_death,<A <H >H >A >E >A >C,1,0
799,per:city_of_death,<A <H >H >A >E >C,1,3
800,per:city_of_death,<A <H >H >A >E >E,1,0
801,per:city_of_death,<A >A >E >C,1,6
802,per:city_of_death,<C <A <A <A >A >E >E >E,1,0
803,per:city_of_death,<C <A <C <A <E <A >A >C,1,0
804,per:city_of_death,<C <A <E <A >A >A >C,1,0
805,per:city_of_death,<C <A <H >H >A >E >C,1,0
806,per:city_of_death,<C <A >A <C >E,1,0
807,per:city_of_death,<C <E <A <A <H >H >A >A >E >C,1,0
808,per:city_of_death,<C <E <A <H >H >A >C,1,0
809,per:city_of_death,<C <E <A <H >H >A >E >A >C,1,0
810,per:city_of_death,<C <E <A <H >H >P,1,0
811,per:city_of_death,<E <A <A <H >H >A >E >C,1,0
812,per:city_of_death,<E >E >A >E >C,1,0
813,per:city_of_death,<H >H >A >A >E >C,1,0
814,per:countries_of_residence,<C >E >E,10,48
815,per:countries_of_residence,<A >A >E >C,8,23
816,per:countries_of_residence,<A >A >C,5,19
817,per:countries_of_residence,<C >E >C,5,22
818,per:countries_of_residence,<C >E >E >C,5,8
819,per:countries_of_residence,<C >E >A >E >C,4,0
820,per:countries_of_residence,<A <H >H >A >E,3,9
821,per:countries_of_residence,<A <H >H >A >E >C,3,6
822,per:countries_of_residence,<A >A >E,3,15
823,per:countries_of_residence,<C <A <H >H >A >E >C,3,4
824,per:countries_of_residence,<C <A >A,3,1
825,per:countries_of_residence,<C <A >A >E >C,3,7
826,per:countries_of_residence,<C >E,3,6
827,per:countries_of_residence,<C >E >A >C,3,3
828,per:countries_of_residence,<A <E >E >C,2,0
829,per:countries_of_residence,<C <A <H >H >A >A >C,2,2
830,per:countries_of_residence,<C <A >A >C,2,4
831,per:countries_of_residence,<C <A >A >E,2,5
832,per:countries_of_residence,<C <A >A >E >E >C,2,0
833,per:countries_of_residence,<C >E >E >E >C,2,6
834,per:countries_of_residence,<E <A <H >H >A >C,2,1
835,per:countries_of_residence,<E <A >A >C,2,1
836,per:countries_of_residence,<A <A <A >A >E,1,0
837,per:countries_of_residence,<A <A <H >H >A >C,1,1
838,per:countries_of_residence,<A <A >A,1,0
839,per:countries_of_residence,<A <A >A >C,1,0
840,per:countries_of_residence,<A <A >A >E,1,3
841,per:countries_of_residence,<A <E >C,1,0
842,per:countries_of_residence,<A <E >E,1,0
843,per:countries_of_residence,<A <H >H,1,0
844,per:countries_of_residence,<A <H >H >A >A >C,1,1
845,per:countries_of_residence,<A <H >H >A >C,1,2
846,per:countries_of_residence,<A <H >H >A >E >E >C,1,1
847,per:countries_of_residence,<A <H >H >A >E >H >A >E,1,0
848,per:countries_of_residence,<A <H >H >A >H >E,1,0
849,per:countries_of_residence,<A <H >H >C,1,2
850,per:countries_of_residence,<A <H >H >H >A >E >E >C,1,0
851,per:countries_of_residence,<A >A,1,0
852,per:countries_of_residence,<A >A >A >A >C,1,1
853,per:countries_of_residence,<A >A >A >C >C,1,0
854,per:countries_of_residence,<A >A >A >E,1,0
855,per:countries_of_residence,<A >A >A >E >C,1,4
856,per:countries_of_residence,<A >A >C >A >C,1,0
857,per:countries_of_residence,<A >A >C >A >E >C,1,0
858,per:countries_of_residence,<A >A >C >C,1,6
859,per:countries_of_residence,<A >A >E >E,1,2
860,per:countries_of_residence,<A >A >E >E >C,1,5
861,per:countries_of_residence,<A >A >E >E >E >C,1,0
862,per:countries_of_residence,<A >A >H >A,1,0
863,per:countries_of_residence,<A >S >C,1,0
864,per:countries_of_residence,<C <A <A <A >A >E >C,1,0
865,per:countries_of_residence,<C <A <A <C <A <H <E <C <A >A >E,1,0
866,per:countries_of_residence,<C <A <A <H >E >H >A >E >C,1,0
867,per:countries_of_residence,<C <A <A <H >H >A >C,1,0
868,per:countries_of_residence,<C <A <A >A >E >E >C,1,1
869,per:countries_of_residence,<C <A <H >H >A >A >A >E >C,1,0
870,per:countries_of_residence,<C <A <H >H >A >A >E,1,0
871,per:countries_of_residence,<C <A <H >H >A >E >A >E >A >C,1,0
872,per:countries_of_residence,<C <A <H >H >H >A >E >C,1,0
873,per:countries_of_residence,<C <A >A >A >A >A >E >C,1,0
874,per:countries_of_residence,<C <A >A >A >A >C,1,0
875,per:countries_of_residence,<C <A >A >A >C,1,2
876,per:countries_of_residence,<C <A >A >E >E,1,2
877,per:countries_of_residence,<C <A >C,1,0
878,per:countries_of_residence,<C <C <E <A <A >A <A >A >A >A >E >C,1,0
879,per:countries_of_residence,<C <E <A <H >H >A >E >C,1,0
880,per:countries_of_residence,<C <E <A >A >E >C,1,0
881,per:countries_of_residence,<C <E <A >A >E >E >E,1,0
882,per:countries_of_residence,<C <E >C,1,0
883,per:countries_of_residence,<C <E >E >E,1,0
884,per:countries_of_residence,<C <H >H >A >C,1,0
885,per:countries_of_residence,<C >E >A >E,1,0
886,per:countries_of_residence,<C >E >C >E >E >C,1,0
887,per:countries_of_residence,<C >E >E >E >E >C,1,0
888,per:countries_of_residence,<C >H >A >A >A >C,1,0
889,per:countries_of_residence,<C >H >A >A >E >C,1,0
890,per:countries_of_residence,<E <A <A <A >A >E >C,1,0
891,per:countries_of_residence,<E <A <H >H >A >A >C,1,0
892,per:countries_of_residence,<E <A >A >A >E,1,0
893,per:countries_of_residence,<E <A >A >E,1,0
894,per:countries_of_residence,<E <C >E >C,1,0
895,per:countries_of_residence,<E <E <A >A >A >C >C >E >C,1,0
896,per:countries_of_residence,<E <E <A >A >E >E >C,1,0
897,per:countries_of_residence,<E <E <E >E >C,1,0
898,per:countries_of_residence,<E >E,1,1
899,per:countries_of_residence,<E >E >C,1,3
900,per:countries_of_residence,<E >E >E,1,2
901,per:countries_of_residence,<E >E >E >C,1,0
902,per:countries_of_residence,<H >H >A >C,1,1
903,per:countries_of_residence,<H >H >A >E >C,1,7
904,per:country_of_birth,<A >A >E >C,1,1
905,per:country_of_birth,<C <A <A <H >E >C,1,0
906,per:country_of_birth,<C <A <H >H >A >E,1,0
907,per:country_of_birth,<C <A >A >H >A >A,1,0
908,per:country_of_birth,<C >E >E,1,1
909,per:country_of_death,<C <A >A,2,0
910,per:country_of_death,<A <A >A >E >C,1,0
911,per:country_of_death,<A <E >E >E >C,1,0
912,per:country_of_death,<A >A >E >A >E >E >C,1,0
913,per:country_of_death,<A >A >E >C,1,0
914,per:country_of_death,<A >A >E >E >C,1,0
915,per:country_of_death,<C <A <C <E <H >H >A >E >E >C,1,0
916,per:country_of_death,<E <E <A <H >H >A >E >C,1,0
917,per:date_of_birth,<A >D >C,5,31
918,per:date_of_birth,<A >D,2,5
919,per:date_of_birth,<C <A <H >H >A >E >E,1,0
920,per:date_of_birth,<E <A >D,1,0
921,per:date_of_death,<A >D >C,7,13
922,per:date_of_death,<C <A >D >C,6,4
923,per:date_of_death,<A >D >E,4,5
924,per:date_of_death,<A <H >H >D >E,3,0
925,per:date_of_death,<A <H >H >D,2,5
926,per:date_of_death,<C <E <A >D >C,2,0
927,per:date_of_death,<E <A >D >C,2,1
928,per:date_of_death,<E <E <A <H >H >A >D >E,2,0
929,per:date_of_death,<A <A >D >E,1,0
930,per:date_of_death,<A <C <A <H >H >C,1,0
931,per:date_of_death,<A <C >E,1,0
932,per:date_of_death,<A <H >E,1,1
933,per:date_of_death,<A <H >H >A >D >C,1,0
934,per:date_of_death,<A <H >H >A >E,1,1
935,per:date_of_death,<A <H >H >A >E >H >D >R,1,0
936,per:date_of_death,<A <H >L >E,1,0
937,per:date_of_death,<A >D,1,9
938,per:date_of_death,<A >E,1,0
939,per:date_of_death,<C <A <A >D >E,1,0
940,per:date_of_death,<C <A <E <A >D >C,1,0
941,per:date_of_death,<C <A <H >H >A >A >E >C,1,0
942,per:date_of_death,<C <A <H >H >A >E >D >C,1,0
943,per:date_of_death,<C <A >D >E,1,4
944,per:date_of_death,<C <E <A >A >D >C,1,0
945,per:date_of_death,<C <E <A >A >E >C >D >C,1,0
946,per:date_of_death,<C <E >E,1,0
947,per:date_of_death,<E <A <A <H >D >C,1,0
948,per:date_of_death,<E <A <A <H >H >D,1,0
949,per:date_of_death,<E <A >D,1,3
950,per:date_of_death,<E <H >H >D >C,1,0
951,per:date_of_death,<E <S <E <E <A >D >E,1,0
952,per:date_of_death,<H >H >A >D,1,0
953,per:date_of_death,<H >H >D >C,1,3
954,per:employee_of,<C >E >E,27,214
955,per:employee_of,<A >A >E >E,14,64
956,per:employee_of,<C >E >E >E,14,65
957,per:employee_of,<A >A >E,13,70
958,per:employee_of,<C >E >E >C,13,75
959,per:employee_of,<A >A >C,10,59
960,per:employee_of,<C >E,8,21
961,per:employee_of,<A >A >E >C,7,58
962,per:employee_of,<C >E >C,7,57
963,per:employee_of,<C >E >C >E >E,6,3
964,per:employee_of,<C <A >A >E >E,5,13
965,per:employee_of,<C >E >E >E >E,5,7
966,per:employee_of,<A <H >H >A >C,4,17
967,per:employee_of,<A <H >H >A >E >E,4,13
968,per:employee_of,<A >A >C >C,4,3
969,per:employee_of,<A >A >E >E >C,4,7
970,per:employee_of,<C <A >A >E,4,17
971,per:employee_of,<C >C >E,4,0
972,per:employee_of,<A >A >C >E >E,3,6
973,per:employee_of,<C <A >A >C,3,13
974,per:employee_of,<C >E >E >E >A >E >C,3,0
975,per:employee_of,<A <H >H >A >E,2,20
976,per:employee_of,<C <A >A >A >E,2,0
977,per:employee_of,<C <A >A >H >A >C,2,1
978,per:employee_of,<C <E >E,2,7
979,per:employee_of,<C <E >E >E >C,2,0
980,per:employee_of,<C >E >A >E,2,5
981,per:employee_of,<C >E >C >E >C,2,4
982,per:employee_of,<C >E >E >E >C,2,12
983,per:employee_of,<F <H >H >A >E >E,2,0
984,per:employee_of,<H >H >A >E,2,3
985,per:employee_of,<A <A <E <A >A >E >C,1,0
986,per:employee_of,<A <A <H >H >A >E,1,2
987,per:employee_of,<A <A <H >H >A >E >E,1,0
988,per:employee_of,<A <A >A >C,1,0
989,per:employee_of,<A <A >S >E >E >C,1,0
990,per:employee_of,<A <E <A >P <P >A >C,1,0
991,per:employee_of,<A <E >E >C,1,2
992,per:employee_of,<A <E >E >E >A >C >E >E,1,0
993,per:employee_of,<A <H <A >E >E >E,1,0
994,per:employee_of,<A <H <E <E <A <H >H >A >E >E,1,0
995,per:employee_of,<A <H >C,1,0
996,per:employee_of,<A <H >E,1,0
997,per:employee_of,<A <H >E >A,1,0
998,per:employee_of,<A <H >E >E,1,1
999,per:employee_of,<A <H >H >A >A >E,1,0
1000,per:employee_of,<A <H >H >A >A >E >E,1,4
1001,per:employee_of,<A <H >L,1,0
1002,per:employee_of,<A >A,1,11
1003,per:employee_of,<A >A >A >E >A >E >E,1,0
1004,per:employee_of,<A >A >C >E >C >E >C,1,0
1005,per:employee_of,<A >A >C >E >E >E >C,1,0
1006,per:employee_of,<A >A >E >A >A >C,1,0
1007,per:employee_of,<A >A >E >C >C,1,2
1008,per:employee_of,<A >A >E >E >A >E,1,0
1009,per:employee_of,<A >C,1,3
1010,per:employee_of,<A >E,1,4
1011,per:employee_of,<C <A <A <A <A >A >E >E >E,1,0
1012,per:employee_of,<C <A <A <H >H >A >C,1,2
1013,per:employee_of,<C <A <A >A,1,2
1014,per:employee_of,<C <A <A >A >C,1,0
1015,per:employee_of,<C <A <A >A >E,1,3
1016,per:employee_of,<C <A <C <A >A,1,1
1017,per:employee_of,<C <A <H <A >A >E >E,1,0
1018,per:employee_of,<C <A <H >H >A,1,5
1019,per:employee_of,<C <A <H >H >A >C,1,14
1020,per:employee_of,<C <A <H >H >A >E,1,11
1021,per:employee_of,<C <A >A,1,6
1022,per:employee_of,<C <A >A >C >C,1,0
1023,per:employee_of,<C <A >A >C >E >C,1,0
1024,per:employee_of,<C <A >A >E >E >C,1,2
1025,per:employee_of,<C <C <A <H >H >A >C,1,0
1026,per:employee_of,<C <C <A <H >H >A >E >E,1,1
1027,per:employee_of,<C <C <C >E >C,1,0
1028,per:employee_of,<C <C <E >E >E,1,0
1029,per:employee_of,<C <C <E >E >E >E,1,0
1030,per:employee_of,<C <C <H >H >E >E,1,0
1031,per:employee_of,<C <E <A <H >H >A >E >C,1,0
1032,per:employee_of,<C <E <A <H >H >A >E >E,1,1
1033,per:employee_of,<C <E <A >A >E >C,1,0
1034,per:employee_of,<C <E <E <A <H >H >S >E >C,1,0
1035,per:employee_of,<C <E >C,1,4
1036,per:employee_of,<C <E >E >E >E >C,1,0
1037,per:employee_of,<C <H >C,1,0
1038,per:employee_of,<C >E >A >E >C,1,6
1039,per:employee_of,<C >E >C >E >E >C,1,0
1040,per:employee_of,<C >E >E >E >A,1,0
1041,per:employee_of,<C >E >E >E >A >E,1,0
1042,per:employee_of,<C >E >E >H >A >E >E,1,0
1043,per:employee_of,<E <A <C <A <H <A >A >E,1,0
1044,per:employee_of,<E <A <H <A >A,1,0
1045,per:employee_of,<E <A <H >H >A >A >E >E,1,0
1046,per:employee_of,<E <A <H >H >A >C,1,1
1047,per:employee_of,<E <A <H >H >A >C >C >E >E,1,0
1048,per:employee_of,<E <A <H >H >A >E,1,1
1049,per:employee_of,<E <A <H >H >C,1,0
1050,per:employee_of,<E <C <A <H >H >A >E >A >C,1,0
1051,per:employee_of,<E <C <A <H >H >A >E >E,1,0
1052,per:employee_of,<E <E <A <H >H >A >C,1,2
1053,per:employee_of,<E <E <A <H >H >P <P >A >C,1,0
1054,per:employee_of,<E >E,1,6
1055,per:employee_of,<H <A >A >E >E,1,0
1056,per:employee_of,<P <H >H >A >E >E >E,1,0
1057,per:origin,<C >E >E,32,89
1058,per:origin,<C >E,10,16
1059,per:origin,<C >E >C,10,8
1060,per:origin,<A >A >E >C,8,2
1061,per:origin,<C >E >A >C,5,1
1062,per:origin,<E >E,4,2
1063,per:origin,<A <H >H >A >E,3,7
1064,per:origin,<A >A >E >E,3,4
1065,per:origin,<A <A <H >H >A >E,2,0
1066,per:origin,<A >A,2,3
1067,per:origin,<A >A >E,2,23
1068,per:origin,<C <A <H >H >E,2,0
1069,per:origin,<C >E >C >E,2,3
1070,per:origin,<A <A <E >E,1,0
1071,per:origin,<A <A <H <A >A >E >E,1,0
1072,per:origin,<A <C >E >C >A >E >C,1,0
1073,per:origin,<A <H >H >A >A >E,1,1
1074,per:origin,<A <H >H >A >C,1,2
1075,per:origin,<A <H >H >A >E >C,1,2
1076,per:origin,<A <H >H >E,1,0
1077,per:origin,<A >A >A >E,1,0
1078,per:origin,<A >A >A >E >A >C >H >A >A >C,1,0
1079,per:origin,<A >A >C,1,8
1080,per:origin,<A >S,1,0
1081,per:origin,<C <A <A <A <H <A >A >E,1,0
1082,per:origin,<C <A <E <A <H >H >A >E,1,0
1083,per:origin,<C <A <H >H >A,1,5
1084,per:origin,<C <A <H >H >A >E >C,1,0
1085,per:origin,<C <A <H >H >A >E >C >C >E,1,0
1086,per:origin,<C <A >A <A >A >E >H >A >C,1,0
1087,per:origin,<C <A >A >A >E >E,1,0
1088,per:origin,<C <A >A >A >E >E >E >C,1,0
1089,per:origin,<C <A >A >C,1,4
1090,per:origin,<C <A >A >C >C >E >C,1,0
1091,per:origin,<C <A >A >E,1,4
1092,per:origin,<C <A >A >E >C,1,2
1093,per:origin,<C <A >A >E >E,1,1
1094,per:origin,<C <A >A >H >A >E >A >E >E,1,0
1095,per:origin,<C <C <A >A >E,1,0
1096,per:origin,<C <C >C >E,1,0
1097,per:origin,<C <C >E,1,0
1098,per:origin,<C <C >E >E,1,1
1099,per:origin,<C <E <A >A >A >C,1,0
1100,per:origin,<C <E >A,1,0
1101,per:origin,<C >A >C,1,0
1102,per:origin,<C >A >E,1,1
1103,per:origin,<C >E >A >E,1,1
1104,per:origin,<C >E >E >C,1,2
1105,per:origin,<C >E >E >E,1,1
1106,per:origin,<C >E >E >E >C,1,2
1107,per:origin,<E <A <H >H >A,1,0
1108,per:origin,<E <A <H >H >A >C,1,0
1109,per:origin,<E <A >A >A >E,1,1
1110,per:origin,<E <C <E <A <A >A >E,1,0
1111,per:origin,<E >E >C,1,1
1112,per:other_family,<C >E >E >C,5,2
1113,per:other_family,<C >E >E,4,2
1114,per:other_family,<E <E >C,4,9
1115,per:other_family,<A <H >H >A,2,2
1116,per:other_family,<C <A <A >A,2,1
1117,per:other_family,<C >E >C,2,3
1118,per:other_family,<A <A <A <H >H >A,1,0
1119,per:other_family,<A <E <A <C <A <A >A <A >A,1,0
1120,per:other_family,<A <E <A >A,1,1
1121,per:other_family,<A <E <C <A >A,1,0
1122,per:other_family,<A <E <E <A <A <H >H >A,1,0
1123,per:other_family,<A <H >E >C,1,0
1124,per:other_family,<A <H >H >A >A,1,0
1125,per:other_family,<A <H >H >A >A >A,1,0
1126,per:other_family,<A <H >H >A >C,1,2
1127,per:other_family,<A <H >H >A >E,1,2
1128,per:other_family,<A <H >H >S,1,0
1129,per:other_family,<A >A >A,1,0
1130,per:other_family,<A >A >A >C,1,1
1131,per:other_family,<A >A >A >E >C,1,1
1132,per:other_family,<A >A >C,1,4
1133,per:other_family,<C <A <A <A <H >H >A,1,0
1134,per:other_family,<C <A <A <H >H >A >C,1,0
1135,per:other_family,<C <A <C <A >A,1,0
1136,per:other_family,<C <A <E <A >A,1,0
1137,per:other_family,<C <A >A >C,1,0
1138,per:other_family,<C <E <A <C <E <A <H >H >A >C,1,0
1139,per:other_family,<C <E <A <E >C,1,0
1140,per:other_family,<C <E <A <H >H,1,0
1141,per:other_family,<C <E <A >A,1,0
1142,per:other_family,<C <E <E <A <H >H >A >C,1,0
1143,per:other_family,<C <E <E <A >A,1,0
1144,per:other_family,<C <E <E >C,1,4
1145,per:other_family,<C <E >C,1,2
1146,per:other_family,<C <E >C >C >E,1,0
1147,per:other_family,<C <E >E,1,0
1148,per:other_family,<E <A <H <A >A,1,0
1149,per:other_family,<E <A <H >H >A >E,1,1
1150,per:other_family,<E <A >A,1,4
1151,per:other_family,<E <A >A >A,1,0
1152,per:other_family,<E <C <C <A <A <H >H >A >A,1,0
1153,per:other_family,<E <C <D >H >A,1,0
1154,per:other_family,<E <E <C >C >C,1,0
1155,per:other_family,<E <E <C >C >C >C,1,0
1156,per:other_family,<E >C,1,0
1157,per:other_family,<E >E >C,1,3
1158,per:other_family,<H >H >A >E >C,1,0
1159,per:parents,<C <E <E >C,6,5
1160,per:parents,<E <E >C,5,10
1161,per:parents,<C <E >C >C,4,0
1162,per:parents,<A >A >C,3,4
1163,per:parents,<A >A >C >C >C,3,1
1164,per:parents,<A >A >E >C,3,2
1165,per:parents,<C <E >C,3,7
1166,per:parents,<E <A <A >A,3,0
1167,per:parents,<A <H >H >A >C,2,1
1168,per:parents,<A <H >H >A >E,2,0
1169,per:parents,<A <H >H >E >C >C >C,2,0
1170,per:parents,<C <C <C >E >E,2,0
1171,per:parents,<C <E <A <H >H,2,1
1172,per:parents,<C >A,2,0
1173,per:parents,<C >C >C,2,1
1174,per:parents,<C >E >A >C >C,2,0
1175,per:parents,<E <A >A >H >A,2,0
1176,per:parents,<A <A <H >H >A,1,0
1177,per:parents,<A <E <A <H >H >C,1,0
1178,per:parents,<A <H <A <H >H >A >C,1,0
1179,per:parents,<A <H <A >A >C,1,0
1180,per:parents,<A <H >H >A >E >C,1,0
1181,per:parents,<A <H >H >A >H >A,1,0
1182,per:parents,<A <H >H >A >H >A >E,1,0
1183,per:parents,<A >A >A >E,1,0
1184,per:parents,<A >A >C >C,1,8
1185,per:parents,<A >A >E >A >C,1,0
1186,per:parents,<A >A >E >C >C,1,7
1187,per:parents,<C <A <A <H >H >A >C,1,0
1188,per:parents,<C <A >A >E >C,1,1
1189,per:parents,<C <C <C <A <E <A >E >E,1,0
1190,per:parents,<C <C <C <A <H >H >A,1,0
1191,per:parents,<C <C <C <C >C >E >E,1,0
1192,per:parents,<C <C >C >C,1,2
1193,per:parents,<C <C >H >A,1,0
1194,per:parents,<C <E <A <C <E <A >A,1,0
1195,per:parents,<C <E <A <E >C,1,0
1196,per:parents,<C <E <A <H >H >A >C,1,0
1197,per:parents,<C <E <A >A,1,0
1198,per:parents,<C <E >E,1,1
1199,per:parents,<C <H >H >A >C,1,0
1200,per:parents,<C >E,1,0
1201,per:parents,<C >E >A >C >H >A >C,1,0
1202,per:parents,<C >H >A >E >A,1,0
1203,per:parents,<E <A <A <H >E >C,1,0
1204,per:parents,<E <A <A <H >H >A >C >C >C,1,0
1205,per:parents,<E <A >A,1,0
1206,per:parents,<E <A >P >C,1,0
1207,per:parents,<E <C <A <E <A <A <H >C,1,0
1208,per:parents,<E <C <C >C >C,1,0
1209,per:parents,<E <C <E <E <A <H >H >A >E,1,0
1210,per:parents,<E <E <C >C >C >C,1,0
1211,per:parents,<E >C,1,2
1212,per:parents,<E >E >A >E >E,1,0
1213,per:parents,<P <H >E >E >E >C,1,0
1214,per:religion,<C >E >A >E,4,1
1215,per:religion,<A >A >E,3,5
1216,per:religion,<A >S,3,1
1217,per:religion,<C >E >E,3,1
1218,per:religion,<C >E >C,2,1
1219,per:religion,<C >E >E >A >A >E,2,0
1220,per:religion,<A <H >H >A >A >C,1,0
1221,per:religion,<A <H >H >A >A >E >E,1,0
1222,per:religion,<A <H >H >A >C,1,1
1223,per:religion,<A <H >H >A >C >C >E,1,0
1224,per:religion,<A <H >H >A >E,1,0
1225,per:religion,<A <H >H >A >E >E,1,1
1226,per:religion,<A <H >H >S,1,0
1227,per:religion,<A >A,1,1
1228,per:religion,<A >A >A >E,1,1
1229,per:religion,<A >A >A >E >A >E,1,0
1230,per:religion,<A >A >C,1,3
1231,per:religion,<A >A >H >S,1,0
1232,per:religion,<C <A <A >A >E >E,1,0
1233,per:religion,<C <A <C >C,1,0
1234,per:religion,<C <A <C >C >A >E >E,1,0
1235,per:religion,<C <A <H >H >A >C >E,1,0
1236,per:religion,<C <A >A >E >C,1,0
1237,per:religion,<C <A >S >C,1,0
1238,per:religion,<C <E <A >A >C,1,0
1239,per:religion,<C <E >E >E,1,1
1240,per:religion,<C >C >E,1,0
1241,per:religion,<C >C >E >E >A >E,1,0
1242,per:religion,<C >E >E >E,1,1
1243,per:religion,<E <A <H >H >S,1,0
1244,per:religion,<E <A >A >E,1,0
1245,per:religion,<E <D >A >C,1,0
1246,per:religion,<E <E >E,1,0
1247,per:religion,<E >E >C,1,0
1248,per:religion,<E >E >E >E,1,0
1249,per:schools_attended,<A >A >C,5,20
1250,per:schools_attended,<A >A >E,3,32
1251,per:schools_attended,<A >A >E >C,2,4
1252,per:schools_attended,<C <A >A,2,0
1253,per:schools_attended,<E <E >E >C,2,0
1254,per:schools_attended,<A <H >C,1,1
1255,per:schools_attended,<A <H >H >A >E >E,1,0
1256,per:schools_attended,<A >A >C >E,1,2
1257,per:schools_attended,<A >A >E >E,1,12
1258,per:schools_attended,<A >A >H >A >E >E,1,0
1259,per:schools_attended,<C <A <A >A <A >A >C,1,0
1260,per:schools_attended,<C <A >A >H >A >E >C,1,0
1261,per:schools_attended,<C <C <C <A <H >H >A,1,0
1262,per:schools_attended,<C <E <A >A >E >C,1,0
1263,per:schools_attended,<C <E <C >C >E >C,1,0
1264,per:schools_attended,<C >C,1,0
1265,per:schools_attended,<C >E >C,1,1
1266,per:schools_attended,<C >E >E,1,1
1267,per:schools_attended,<C >E >E >E,1,0
1268,per:schools_attended,<E <A >A >C >A >E,1,0
1269,per:siblings,<C >C,6,8
1270,per:siblings,<E <E >C,4,6
1271,per:siblings,<A >A >C >C >C,3,0
1272,per:siblings,<E <C >C >C,3,0
1273,per:siblings,<A >A >C,2,3
1274,per:siblings,<A >A >E,2,1
1275,per:siblings,<A >A >E >C,2,2
1276,per:siblings,<C <C >C >C >C >C,2,1
1277,per:siblings,<C <E <A <H >H,2,2
1278,per:siblings,<C <E <E >C,2,4
1279,per:siblings,<A <A <H >E,1,0
1280,per:siblings,<A <H >C >C,1,0
1281,per:siblings,<A <H >H >A >C,1,2
1282,per:siblings,<A <H >H >A >E >C >C,1,0
1283,per:siblings,<A >A >C >C,1,3
1284,per:siblings,<A >A >E >C >C,1,0
1285,per:siblings,<C <A <H >H >A >A >C,1,0
1286,per:siblings,<C <A >A >E >E >C,1,0
1287,per:siblings,<C <C <A >A,1,0
1288,per:siblings,<C <C <C <C >H >A,1,0
1289,per:siblings,<C <C >C >E,1,0
1290,per:siblings,<C <E <A <H >H >C,1,0
1291,per:siblings,<C <E <A >A,1,0
1292,per:siblings,<C <E <A >A >A >C >C,1,0
1293,per:siblings,<C <E <H >H >A,1,0
1294,per:siblings,<C <H >H >A >C,1,0
1295,per:siblings,<C >A >H >A,1,0
1296,per:siblings,<C >C >E >C,1,2
1297,per:siblings,<C >E >C,1,0
1298,per:siblings,<E <A >A <C <A <A >A,1,0
1299,per:siblings,<E <C <C <A <A >A,1,0
1300,per:siblings,<E <C <C >C >E >C,1,0
1301,per:siblings,<E <C >C,1,0
1302,per:siblings,<E <E <A <H >H >A >E >A,1,0
1303,per:spouse,<C >E >E,5,5
1304,per:spouse,<E <E >C,4,19
1305,per:spouse,<A <H >H >A >C,3,3
1306,per:spouse,<A >A >C,3,24
1307,per:spouse,<C <E <E >C,3,3
1308,per:spouse,<E <C >C,3,2
1309,per:spouse,<A <A <H >H >A >C,2,0
1310,per:spouse,<A >A >C >C,2,5
1311,per:spouse,<C <E <A <H >H,2,5
1312,per:spouse,<C >C >C,2,4
1313,per:spouse,<C >E >E >C,2,2
1314,per:spouse,<A <A >A >A >C,1,0
1315,per:spouse,<A <E <D >A >C,1,0
1316,per:spouse,<A <H >H >A >C >C,1,0
1317,per:spouse,<A <H >H >A >E,1,1
1318,per:spouse,<A <H >H >A >E >H >A >E,1,0
1319,per:spouse,<A <H >H >E >A >C,1,0
1320,per:spouse,<A >A >E >C,1,1
1321,per:spouse,<A >A >E >C >C,1,0
1322,per:spouse,<C <A <A <A >A,1,0
1323,per:spouse,<C <A <A <H >H >A,1,2
1324,per:spouse,<C <A <A >A,1,0
1325,per:spouse,<C <A <C <A <A >A,1,0
1326,per:spouse,<C <A <C <A <H >H >A >E,1,0
1327,per:spouse,<C <A <H >H >A >A >C,1,1
1328,per:spouse,<C <A >A,1,6
1329,per:spouse,<C <A >A >E >A,1,0
1330,per:spouse,<C <C <A <A <H >H >A >C,1,0
1331,per:spouse,<C <E <A <H <A <H >H >A,1,0
1332,per:spouse,<C <E <A <H >H >A >A,1,0
1333,per:spouse,<C <E <A >A >A >E,1,0
1334,per:spouse,<C <E <C <A >A >C,1,0
1335,per:spouse,<C <E >C,1,6
1336,per:spouse,<C <E >C <A >A >H >A >C >C,1,0
1337,per:spouse,<C <E >E,1,0
1338,per:spouse,<C >C,1,19
1339,per:spouse,<E <A <A >A >C,1,0
1340,per:spouse,<E <A <E <A <A >A,1,0
1341,per:spouse,<E <A <H >H,1,0
1342,per:spouse,<E <A >A >A,1,0
1343,per:spouse,<E <C >E,1,0
1344,per:spouse,<E <E <A <A <A >A,1,0
1345,per:spouse,<E <E <A >A <C >E >C,1,0
1346,per:spouse,<E >A >A >A,1,0
1347,per:spouse,<H >H >A >E >C,1,1
1348,per:stateorprovince_of_birth,<A >A >C,3,7
1349,per:stateorprovince_of_birth,<A >A >E,1,14
1350,per:stateorprovince_of_birth,<C <A >A >E >A >E >C,1,0
1351,per:stateorprovince_of_birth,<C >E >A >E >E,1,0
1352,per:stateorprovince_of_birth,<C >E >C,1,0
1353,per:stateorprovince_of_birth,<E <A <H >H >C,1,0
1354,per:stateorprovince_of_death,<A <C >H >A >A >E >C,2,0
1355,per:stateorprovince_of_death,<C <A <H >H >A >E >C,2,0
1356,per:stateorprovince_of_death,<A >A >E,1,5
1357,per:stateorprovince_of_death,<A >A >E >E,1,2
1358,per:stateorprovince_of_death,<A >A >E >E >E >E >C,1,0
1359,per:stateorprovince_of_death,<A >A >E >H >A >E,1,0
1360,per:stateorprovince_of_death,<C <A <A <E <A <H >H >A >A >E >C,1,0
1361,per:stateorprovince_of_death,<C <A <A <E <E <A <A <A >A >E >E,1,0
1362,per:stateorprovince_of_death,<C <A <H >H >A >E >A >C,1,0
1363,per:stateorprovince_of_death,<C <E <A >A >A >E >E,1,0
1364,per:stateorprovince_of_death,<C >E >E >E,1,0
1365,per:stateorprovince_of_death,<E >E >A >E,1,0
1366,per:stateorprovinces_of_residence,<A >A >E >C,10,16
1367,per:stateorprovinces_of_residence,<A >A >C,6,15
1368,per:stateorprovinces_of_residence,<C >E >C,6,24
1369,per:stateorprovinces_of_residence,<C >E >E,5,31
1370,per:stateorprovinces_of_residence,<C >E >E >E >C,4,1
1371,per:stateorprovinces_of_residence,<C <A >A >E,3,3
1372,per:stateorprovinces_of_residence,<A <E >E >E,2,1
1373,per:stateorprovinces_of_residence,<A >A >C >C,2,1
1374,per:stateorprovinces_of_residence,<A >A >E,2,14
1375,per:stateorprovinces_of_residence,<C <E <A >A >A >E >E,2,0
1376,per:stateorprovinces_of_residence,<C >E >E >C,2,9
1377,per:stateorprovinces_of_residence,<E <A >A >E,2,2
1378,per:stateorprovinces_of_residence,<A <A <E <C <C <A <H >H >A >C,1,0
1379,per:stateorprovinces_of_residence,<A <A >A >E >C,1,2
1380,per:stateorprovinces_of_residence,<A <E <C <C <A <H >H >A >C,1,0
1381,per:stateorprovinces_of_residence,<A <H >E,1,0
1382,per:stateorprovinces_of_residence,<A <H >H >A >E,1,3
1383,per:stateorprovinces_of_residence,<A <H >H >A >E >C,1,3
1384,per:stateorprovinces_of_residence,<A <H >H >E >E,1,0
1385,per:stateorprovinces_of_residence,<A >A >C >C >E >C >C,1,0
1386,per:stateorprovinces_of_residence,<A >A >E >E >C,1,0
1387,per:stateorprovinces_of_residence,<A >A >E >E >E >E >E,1,0
1388,per:stateorprovinces_of_residence,<A >S >C,1,0
1389,per:stateorprovinces_of_residence,<C <A <A >A >E >C,1,0
1390,per:stateorprovinces_of_residence,<C <A <H <H >H >A >C,1,0
1391,per:stateorprovinces_of_residence,<C <A >A >E >C,1,2
1392,per:stateorprovinces_of_residence,<C <A >A >E >E,1,2
1393,per:stateorprovinces_of_residence,<C <A >E >C,1,0
1394,per:stateorprovinces_of_residence,<C <C <C <E <H >H >A >C,1,0
1395,per:stateorprovinces_of_residence,<C <C >C >C >E >E,1,0
1396,per:stateorprovinces_of_residence,<C <E <A <E >E >E,1,0
1397,per:stateorprovinces_of_residence,<C <E <E >E >C,1,0
1398,per:stateorprovinces_of_residence,<C <E >E >C,1,2
1399,per:stateorprovinces_of_residence,<C >C >E >C,1,1
1400,per:stateorprovinces_of_residence,<C >E,1,21
1401,per:stateorprovinces_of_residence,<C >E >A >E >C,1,1
1402,per:stateorprovinces_of_residence,<E <A <E <A <E <A <A <H >H >A >E >C,1,0
1403,per:stateorprovinces_of_residence,<E <A <H >H >A >C,1,2
1404,per:stateorprovinces_of_residence,<E <A >A >C,1,0
1405,per:stateorprovinces_of_residence,<E <A >A >C >C,1,0
1406,per:stateorprovinces_of_residence,<E <A >A >E >A >C,1,0
1407,per:stateorprovinces_of_residence,<E <A >A >E >E >E >E >E,1,0
1408,per:stateorprovinces_of_residence,<E <C <A >A >E,1,0
1409,per:stateorprovinces_of_residence,<E <D >A >C,1,0
1410,per:stateorprovinces_of_residence,<E <E >H >A >E >E,1,0
1411,per:title,<C >E >C,128,619
1412,per:title,<A >A >C,36,178
1413,per:title,<C >E,27,229
1414,per:title,<C >E >E,21,190
1415,per:title,<A >A >E,18,70
1416,per:title,<C >E >C >C,15,44
1417,per:title,<C >C,14,40
1418,per:title,<C <A >A >C,13,41
1419,per:title,<A <H >H >A >C,10,43
1420,per:title,<A >A >C >C,10,18
1421,per:title,<C >E >C >E,5,9
1422,per:title,<A <H >H >A >E >C,4,13
1423,per:title,<A >A,4,15
1424,per:title,<A >A >C >C >C,4,5
1425,per:title,<A >A >E >E,4,7
1426,per:title,<C <A <H >H >A >C,4,10
1427,per:title,<A <E >E,3,1
1428,per:title,<A <H >H >A >C >C,3,4
1429,per:title,<C <A >A >C >C,3,3
1430,per:title,<C <A >A >E,3,12
1431,per:title,<C <E >C,3,14
1432,per:title,<C >E >A >C,3,20
1433,per:title,<C >E >A >E,3,3
1434,per:title,<E <A <H >H >A >C,3,5
1435,per:title,<E <A >A,3,2
1436,per:title,<A <A >A >E >C,2,7
1437,per:title,<A <H >H >A >E,2,14
1438,per:title,<A <H >H >C,2,3
1439,per:title,<A <H >H >P >C,2,3
1440,per:title,<A >A >C >C >E,2,2
1441,per:title,<A >A >C >E,2,5
1442,per:title,<A >A >E >C,2,31
1443,per:title,<A >S,2,2
1444,per:title,<C <A <H >H >C,2,1
1445,per:title,<C <A >A >E >C,2,6
1446,per:title,<C <A >A >E >C >C,2,0
1447,per:title,<C <E <A >A >E,2,1
1448,per:title,<C <P <H >H >A >E,2,0
1449,per:title,<C >C >C,2,5
1450,per:title,<C >E >C >C >E,2,0
1451,per:title,<C >E >E >A >C,2,1
1452,per:title,<C >E >S >C >C,2,0
1453,per:title,<E <A <A >A >E >C,2,2
1454,per:title,<E <C >C >C,2,0
1455,per:title,<E >C,2,48
1456,per:title,<H >H >A >C,2,33
1457,per:title,<H >H >A >E,2,3
1458,per:title,<A <A <A >A >E >C,1,1
1459,per:title,<A <A <H >C,1,0
1460,per:title,<A <A <H >H >A >C,1,4
1461,per:title,<A <A <H >H >A >E >E >A >C >C,1,0
1462,per:title,<A <A >A,1,2
1463,per:title,<A <A >A >A >C,1,0
1464,per:title,<A <A >A >C,1,8
1465,per:title,<A <A >A >E >E,1,0
1466,per:title,<A <A >A >H >A >C,1,0
1467,per:title,<A <E <A <H >H >A >E >E,1,0
1468,per:title,<A <E <A <H >H >E,1,0
1469,per:title,<A <E <A >A >A >C,1,1
1470,per:title,<A <H <A <A >A >C,1,0
1471,per:title,<A <H <A >A >C >C,1,0
1472,per:title,<A <H <A >A >E >A >C,1,0
1473,per:title,<A <H <E >C,1,1
1474,per:title,<A <H <H >H >C,1,0
1475,per:title,<A <H >C,1,2
1476,per:title,<A <H >E,1,2
1477,per:title,<A <H >H >A,1,6
1478,per:title,<A <H >H >A >C >E >C,1,0
1479,per:title,<A <H >H >A >C >E >E,1,0
1480,per:title,<A <H >H >A >E >A >E,1,2
1481,per:title,<A <H >H >A >E >C >C >E,1,0
1482,per:title,<A <H >H >A >E >E,1,1
1483,per:title,<A <H >H >A >E >E >A >C,1,0
1484,per:title,<A <H >H >A >H >A >C,1,1
1485,per:title,<A <H >H >S >C,1,1
1486,per:title,<A >A >A >E,1,0
1487,per:title,<A >A >A >H >A >E >C,1,0
1488,per:title,<A >A >C >C >E >C,1,0
1489,per:title,<A >A >C >E >C,1,0
1490,per:title,<A >A >C >E >C >C,1,0
1491,per:title,<A >A >E >A >E >A >P >C,1,0
1492,per:title,<A >A >E >C >A >E,1,0
1493,per:title,<A >A >E >E >A >E >A >E,1,0
1494,per:title,<A >A >E >E >C,1,1
1495,per:title,<A >P,1,2
1496,per:title,<A >S >C,1,6
1497,per:title,<C <A <A <H >H >A >A >C,1,0
1498,per:title,<C <A <E <A >A,1,0
1499,per:title,<C <A <H >H,1,0
1500,per:title,<C <A <H >H >A >E >C,1,2
1501,per:title,<C <A <H >H >A >E >E,1,2
1502,per:title,<C <A <H >H >E,1,0
1503,per:title,<C <A <H >H >S,1,0
1504,per:title,<C <A >A >A >C,1,1
1505,per:title,<C <A >A >E >C >C >C,1,0
1506,per:title,<C <A >A >E >C >C >E,1,0
1507,per:title,<C <A >A >E >E,1,1
1508,per:title,<C <A >C,1,4
1509,per:title,<C <C <A <H >H >A >C,1,0
1510,per:title,<C <C <A >A >E,1,0
1511,per:title,<C <C <H >H >P >E,1,0
1512,per:title,<C <C >E >C,1,4
1513,per:title,<C <E <A <C <E <A <H >H >A >E,1,0
1514,per:title,<C <E <A <H >H >A >E,1,0
1515,per:title,<C <E <A >A,1,0
1516,per:title,<C <E <A >A >C,1,0
1517,per:title,<C <E >C >C,1,1
1518,per:title,<C <E >E >C,1,4
1519,per:title,<C <G <H >H >A >C,1,0
1520,per:title,<C <H >H,1,0
1521,per:title,<C <H >H >A >C,1,2
1522,per:title,<C >A >C >C,1,0
1523,per:title,<C >A >C >C >C,1,0
1524,per:title,<C >A >E,1,1
1525,per:title,<C >C >C >C >C,1,0
1526,per:title,<C >E >C >C >C,1,0
1527,per:title,<C >E >E >A >C >C,1,0
1528,per:title,<C >E >E >E,1,7
1529,per:title,<C >E >P,1,0
1530,per:title,<C >E >S,1,0
1531,per:title,<C >E >S >C,1,2
1532,per:title,<C >H >A >C,1,4
1533,per:title,<E <A <A <A <H >H >A >E,1,0
1534,per:title,<E <A <A >A >E >A >C,1,0
1535,per:title,<E <A <C <A <H <A >A >C,1,0
1536,per:title,<E <A <H >H >A >A >E >C,1,0
1537,per:title,<E <A <H >H >A >E,1,1
1538,per:title,<E <A <H >H >A >E >E,1,2
1539,per:title,<E <A <H >H >A >E >E >C >C >C,1,0
1540,per:title,<E <A <H >H >E >E >A >C >C,1,0
1541,per:title,<E <A >A >C,1,9
1542,per:title,<E <A >A >E >C,1,7
1543,per:title,<E <C <A <A <H >H >A >E,1,0
1544,per:title,<E <C <E >C,1,0
1545,per:title,<E <E <A >A >E >C,1,1
1546,per:title,<E <E <E <A >A >C,1,0
1547,per:title,<E <E >E >C,1,0
1548,per:title,<E <S >A,1,0
1549,per:title,<E >E >A >C,1,1
1550,per:title,<E >E >A >E >A >C,1,0
1551,per:title,<E >E >C,1,6
1552,per:title,<E >E >C >C,1,1
1553,per:title,<E >E >C >C >E,1,0
1554,per:title,<E >E >E,1,5
1555,per:title,<H >H >A >A >C,1,2
1556,per:title,<H >H >A >E >C,1,5
1557,per:title,<P <A >A >E,1,0
1558,per:title,<P >A,1,0
